site_index,species,node_type,x,y,z,mask_mean,mask_std,mask_seed_123,mask_seed_456,mask_seed_789
0,Mo,0,0.0127612630124887,1.834561948025378,3.7199999999999998,0.06722872704267502,0.0016109340358525515,0.06950505077838898,0.0660105049610138,0.06617061048746109
1,Mo,0,-1.582396611968703,4.597456448063598,3.72,0.044702187180519104,0.0019216324435546994,0.04741224646568298,0.0431719571352005,0.04352236166596413
2,Mo,0,-3.1775544869498953,7.360350948101818,3.72,0.038776591420173645,0.0010599871166050434,0.03727911785244942,0.03958481550216675,0.03946584090590477
3,Mo,0,-4.772712361931087,10.123245448140038,3.7200000000000006,0.041820988059043884,0.0013687281170859933,0.04163933917880058,0.043580759316682816,0.04024286940693855
4,Mo,0,-6.367870236912278,12.886139948178256,3.7200000000000006,0.040554389357566833,0.00025783173623494804,0.04037172719836235,0.04091901704668999,0.040372420102357864
5,Mo,0,-7.963028111893471,15.649034448216476,3.720000000000001,0.04492921754717827,0.0014534235233440995,0.04637901857495308,0.04546615108847618,0.042942486703395844
6,Mo,0,-9.558185986874662,18.411928948254698,3.720000000000001,0.062488358467817307,0.0034870037343353033,0.06572411209344864,0.057647716253995895,0.06409324705600739
7,Mo,0,-11.153343861855856,21.174823448292916,3.7200000000000015,0.11514080315828323,0.003113514045253396,0.11693532019853592,0.11772575229406357,0.11076134443283081
8,Mo,0,3.2030770130124884,1.834561948025378,3.72,0.04761480912566185,0.0019706839229911566,0.05000746250152588,0.04765613377094269,0.045180823653936386
9,Mo,0,1.607919138031297,4.597456448063598,3.72,0.08733189851045609,0.002453442430123687,0.09044051170349121,0.08711231499910355,0.0844428762793541
10,Mo,0,0.01276126305010461,7.360350948101818,3.7200000000000006,0.051377106457948685,0.001782272127456963,0.05198894068598747,0.053188733756542206,0.048953648656606674
11,Mo,0,-1.5823966119310873,10.123245448140038,3.7200000000000006,0.04033191502094269,0.0010863328352570534,0.041801568120718,0.03920944407582283,0.03998473286628723
12,Mo,0,-3.1775544869122783,12.886139948178256,3.720000000000001,0.040488649159669876,0.0009724603733047843,0.03931920975446701,0.041700128465890884,0.04044661298394203
13,Mo,0,-4.772712361893471,15.649034448216476,3.720000000000001,0.055065762251615524,0.000430143263656646,0.055437956005334854,0.055296365171670914,0.054462965577840805
14,Mo,0,-6.367870236874663,18.411928948254698,3.7200000000000015,0.04370620846748352,0.001825351850129664,0.04505263641476631,0.044940412044525146,0.04112558811903
15,Mo,0,-7.963028111855855,21.174823448292916,3.7200000000000015,0.04517566040158272,0.0031457729637622833,0.04254953935742378,0.04959861934185028,0.043378833681344986
16,X,1,6.393392763012487,1.834561948025378,3.72,0.18000848591327667,0.008731858804821968,0.19149771332740784,0.17034387588500977,0.178183913230896
17,Mo,0,4.7982348880312955,4.597456448063598,3.7200000000000006,0.04720115661621094,0.00361356302164495,0.044188790023326874,0.04513228312134743,0.052282389253377914
18,Mo,0,3.2030770130501036,7.360350948101818,3.7200000000000006,0.07197924703359604,0.005120917223393917,0.07779541611671448,0.07280810922384262,0.06533420830965042
19,Mo,0,1.6079191380689117,10.123245448140038,3.720000000000001,0.0415315143764019,0.001424903399311006,0.04013419523835182,0.043487612158060074,0.040972739458084106
20,Mo,0,0.012761263087720742,12.886139948178256,3.720000000000001,0.04141779616475105,0.0027799848467111588,0.03768594563007355,0.04435490816831589,0.042212534695863724
21,Mo,0,-1.582396611893472,15.649034448216476,3.7200000000000015,0.05067839100956917,0.002214048057794571,0.04886215552687645,0.05379534885287285,0.04937766492366791
22,Mo,0,-3.177554486874664,18.411928948254698,3.7200000000000015,0.057588428258895874,0.0031215923372656107,0.05545748397707939,0.06200215592980385,0.05530564486980438
23,Mo,0,-4.772712361855856,21.174823448292916,3.7200000000000015,0.04314543306827545,0.0007413581479340792,0.04213683307170868,0.04389765113592148,0.0434018112719059
24,Mo,0,9.583708513012487,1.834561948025378,3.7200000000000006,0.04746764898300171,0.0012126542860642076,0.04641145467758179,0.04682563990354538,0.04916584491729736
25,Mo,0,7.988550638031295,4.597456448063598,3.7200000000000006,0.048414770513772964,0.0016686090966686606,0.04779527708888054,0.046752579510211945,0.05069646239280701
26,Mo,0,6.3933927630501035,7.360350948101818,3.720000000000001,0.11543109267950058,0.0038032878655940294,0.11646066606044769,0.11948821693658829,0.11034437268972397
27,Mo,0,4.798234888068912,10.123245448140038,3.720000000000001,0.06363136321306229,0.003009956097230315,0.062176745384931564,0.060894161462783813,0.06782317906618118
28,Mo,0,3.2030770130877206,12.886139948178256,3.7200000000000015,0.04066242277622223,0.002022738102823496,0.04229383543133736,0.037811752408742905,0.04188167676329613
29,Mo,0,1.6079191381065279,15.649034448216476,3.7200000000000015,0.04207076132297516,0.002088377717882395,0.04240001365542412,0.039364349097013474,0.044447921216487885
30,Mo,0,0.012761263125335987,18.411928948254698,3.7200000000000015,0.06170637905597687,0.0021055717952549458,0.058889295905828476,0.062279343605041504,0.06395049393177032
31,Mo,0,-1.582396611855856,21.174823448292916,3.720000000000002,0.07458779960870743,0.0030681872740387917,0.07025840878486633,0.07650165259838104,0.0770033448934555
32,Mo,0,12.774024263012489,1.834561948025378,3.7200000000000006,0.07472867518663406,0.0012912593083456159,0.07534676790237427,0.07293151319026947,0.07590775191783905
33,Mo,0,11.178866388031297,4.597456448063598,3.720000000000001,0.08758185058832169,0.0010991516755893826,0.08881502598524094,0.08614571392536163,0.08778481185436249
34,Mo,0,9.583708513050105,7.360350948101818,3.720000000000001,0.06329698115587234,0.0014086398296058178,0.061352767050266266,0.06464515626430511,0.06389301270246506
35,Mo,0,7.988550638068913,10.123245448140038,3.7200000000000015,0.05896581709384918,0.0013898349134251475,0.06014939025044441,0.05701505020260811,0.059733010828495026
36,Mo,0,6.393392763087722,12.886139948178256,3.7200000000000015,0.049315840005874634,0.001301087555475533,0.048027656972408295,0.051097773015499115,0.04882209375500679
37,Mo,0,4.7982348881065295,15.649034448216476,3.7200000000000015,0.0405542254447937,0.0006025171023793519,0.04134531319141388,0.039884500205516815,0.04043286293745041
38,Mo,0,3.2030770131253377,18.411928948254698,3.720000000000002,0.04433761537075043,0.0012625580420717597,0.04572069272398949,0.04462403804063797,0.042668119072914124
39,Mo,0,1.6079191381441458,21.174823448292916,3.720000000000002,0.06740754842758179,0.0035353070124983788,0.06335171312093735,0.07196731120347977,0.06690361350774765
40,Mo,0,15.964340013012489,1.834561948025378,3.720000000000001,0.03895669803023338,0.0024030401837080717,0.036347150802612305,0.0383761003613472,0.04214683547616005
41,Mo,0,14.369182138031297,4.597456448063598,3.720000000000001,0.05189746990799904,0.0028344588354229927,0.048448991030454636,0.055391520261764526,0.05185190215706825
42,Mo,0,12.774024263050105,7.360350948101818,3.7200000000000015,0.051348280161619186,0.0010463552316650748,0.0498686246573925,0.05207235366106033,0.05210386961698532
43,Mo,0,11.178866388068913,10.123245448140038,3.7200000000000015,0.04120064899325371,0.0012570469407364726,0.03998229652643204,0.04068867862224579,0.042930968105793
44,Mo,0,9.583708513087721,12.886139948178256,3.7200000000000015,0.042137909680604935,0.0013109984574839473,0.04029398784041405,0.04322730377316475,0.042892444878816605
45,Mo,0,7.988550638106529,15.649034448216476,3.720000000000002,0.039940860122442245,0.0013097735354676843,0.038152359426021576,0.04041772708296776,0.0412524938583374
46,Mo,0,6.3933927631253376,18.411928948254698,3.720000000000002,0.04564962908625603,0.0008847278659231961,0.046780671924352646,0.044620782136917114,0.045547422021627426
47,Mo,0,4.798234888144146,21.174823448292916,3.7200000000000024,0.04547080397605896,0.00243173586204648,0.04209395498037338,0.04659557715058327,0.047722868621349335
48,Mo,0,19.15465576301249,1.834561948025378,3.720000000000001,0.040731724351644516,3.205928805982694e-05,0.040767718106508255,0.04073760285973549,0.040689852088689804
49,Mo,0,17.5594978880313,4.597456448063598,3.7200000000000015,0.04312516748905182,0.0018892439547926188,0.0444234237074852,0.0404537208378315,0.04449835047125816
50,Mo,0,15.964340013050105,7.360350948101818,3.7200000000000015,0.04218307137489319,0.0009427325567230582,0.04342782869935036,0.04114710912108421,0.041974276304244995
51,Mo,0,14.369182138068913,10.123245448140038,3.7200000000000015,0.03915483132004738,0.0009227843838743865,0.03891463205218315,0.04038579761981964,0.03816406428813934
52,Mo,0,12.774024263087721,12.886139948178256,3.720000000000002,0.04014487937092781,0.0016748149646446109,0.038880303502082825,0.03904276713728905,0.04251156747341156
53,Mo,0,11.17886638810653,15.649034448216476,3.720000000000002,0.04532185196876526,0.0008782331133261323,0.04417901486158371,0.04547208920121193,0.04631444066762924
54,Mo,0,9.583708513125337,18.411928948254698,3.7200000000000024,0.04117823764681816,0.0004968948196619749,0.04151308164000511,0.04154585674405098,0.04047577828168869
55,Mo,0,7.988550638144146,21.174823448292916,3.7200000000000024,0.04108087345957756,0.0005969485500827432,0.040236763656139374,0.04149158298969269,0.04151427745819092
56,Mo,0,22.34497151301249,1.834561948025378,3.7200000000000015,0.04241943359375,0.001848050975240767,0.04494059458374977,0.041755300015211105,0.040562406182289124
57,Mo,0,20.7498136380313,4.597456448063598,3.7200000000000015,0.041444383561611176,0.002063577529042959,0.04367530345916748,0.041958268731832504,0.03869957476854324
58,Mo,0,19.154655763050105,7.360350948101818,3.7200000000000015,0.04045121371746063,0.0006212423322722316,0.041012462228536606,0.039585214108228683,0.04075596109032631
59,Mo,0,17.55949788806891,10.123245448140038,3.720000000000002,0.0407678596675396,0.0007586095598526299,0.03969801217317581,0.04123348370194435,0.04137208312749863
60,Mo,0,15.964340013087721,12.886139948178256,3.720000000000002,0.042917147278785706,0.0005980308633297682,0.04346182197332382,0.04208448901772499,0.043205127120018005
61,Mo,0,14.36918213810653,15.649034448216476,3.7200000000000024,0.041730720549821854,0.0011562203289940953,0.04140064865350723,0.04050883278250694,0.043282680213451385
62,Mo,0,12.774024263125337,18.411928948254698,3.7200000000000024,0.0647919699549675,0.00206004804931581,0.061882950365543365,0.06638403236865997,0.06610891222953796
63,Mo,0,11.178866388144145,21.174823448292916,3.720000000000003,0.06664550304412842,0.0014292250853031874,0.06473054736852646,0.06816310435533524,0.06704284995794296
64,S,0,1.5823966120063198,0.9283325520128419,2.16,0.04611903429031372,0.002382358070462942,0.04772280529141426,0.047883156687021255,0.042751144617795944
65,S,0,-0.012761262974872345,3.691227052051062,2.1600000000000006,0.039809539914131165,0.0018634904408827424,0.037233129143714905,0.04061765968799591,0.04157782718539238
66,S,0,-1.6079191379560638,6.454121552089282,2.1600000000000006,0.04134691134095192,0.0024095873814076185,0.0414031557738781,0.03836806118488312,0.04426951706409454
67,S,0,-3.2030770129372557,9.217016052127502,2.160000000000001,0.04143889620900154,0.00156846281606704,0.042990684509277344,0.042035628110170364,0.03929038718342781
68,S,0,-4.798234887918449,11.979910552165723,2.160000000000001,0.04174437001347542,0.0018896532710641623,0.04415246099233627,0.03953682631254196,0.04154382646083832
69,S,0,-6.393392762899639,14.742805052203943,2.1600000000000015,0.03964446857571602,0.002119084121659398,0.04028288275003433,0.03678950294852257,0.04186103120446205
70,S,0,-7.988550637880831,17.505699552242163,2.1600000000000015,0.04234359785914421,0.0012219055788591504,0.040665920823812485,0.04282376170158386,0.04354109615087509
71,S,0,-9.583708512862023,20.26859405228038,2.160000000000002,0.0464671365916729,0.003494758391752839,0.04177156090736389,0.04747936874628067,0.05015047267079353
72,S,0,4.772712362006319,0.9283325520128419,2.1600000000000006,0.03956477716565132,0.0015271304873749614,0.041673146188259125,0.038105279207229614,0.038915909826755524
73,S,0,3.177554487025127,3.691227052051062,2.1600000000000006,0.04216386005282402,0.0015480037545785308,0.04046463966369629,0.041818078607320786,0.04420886188745499
74,S,0,1.5823966120439357,6.454121552089282,2.160000000000001,0.044119905680418015,0.0005725136725232005,0.044929374009370804,0.04373018816113472,0.04370014742016792
75,S,0,-0.012761262937256213,9.217016052127502,2.160000000000001,0.041446149349212646,0.0012296605855226517,0.0400727353990078,0.041209060698747635,0.04305665194988251
76,S,0,-1.607919137918449,11.979910552165723,2.1600000000000015,0.038094207644462585,0.00217632413841784,0.03505158796906471,0.039213743060827255,0.04001729562878609
77,S,0,-3.20307701289964,14.742805052203943,2.1600000000000015,0.03985055908560753,0.0011630876688286662,0.03826754167675972,0.04025515541434288,0.041028980165719986
78,S,0,-4.798234887880832,17.505699552242163,2.160000000000002,0.04031383991241455,0.0005194381810724735,0.04079694673418999,0.04055153578519821,0.039593037217855453
79,S,0,-6.393392762862024,20.26859405228038,2.160000000000002,0.0445609949529171,0.0007118526264093816,0.04527604952454567,0.043589770793914795,0.04481716454029083
80,S,0,7.96302811200632,0.9283325520128419,2.1600000000000006,0.04094914719462395,0.002249320037662983,0.04215465858578682,0.04289574548602104,0.03779703378677368
81,S,0,6.367870237025128,3.691227052051062,2.160000000000001,0.040387991815805435,0.001751028816215694,0.04035182669758797,0.04255041107535362,0.038261741399765015
82,S,0,4.7727123620439365,6.454121552089282,2.160000000000001,0.04868419095873833,0.0034830414224416018,0.05256734788417816,0.04936714470386505,0.04411807656288147
83,S,0,3.1775544870627446,9.217016052127502,2.1600000000000015,0.0399201363325119,0.0018533592810854316,0.03736134245991707,0.04070775955915451,0.04169130697846413
84,X,1,1.5823966120815518,11.979910552165723,2.1600000000000015,0.04575558006763458,0.0007687991019338369,0.04476088657975197,0.045872777700424194,0.04663307964801788
85,S,0,-0.012761262899639192,14.742805052203943,2.160000000000002,0.039667245000600815,0.001083912793546915,0.04098304733633995,0.03969036787748337,0.03832831606268883
86,S,0,-1.607919137880831,17.505699552242163,2.160000000000002,0.04374310374259949,0.0028591821901500225,0.04018865525722504,0.04385095462203026,0.04718970134854317
87,S,0,-3.203077012862023,20.26859405228038,2.160000000000002,0.041281744837760925,0.0024250962305814028,0.04470088332891464,0.03934033215045929,0.039804015308618546
88,S,0,11.15334386200632,0.9283325520128419,2.160000000000001,0.0502176433801651,0.0026145847514271736,0.04891229420900345,0.04787430167198181,0.05386633798480034
89,S,0,9.558185987025128,3.691227052051062,2.160000000000001,0.039586152881383896,0.0029766838997602463,0.04238441213965416,0.0354633703827858,0.04091067239642143
90,S,0,7.963028112043936,6.454121552089282,2.1600000000000015,0.04588409885764122,0.0018377358792349696,0.04510493949055672,0.044126447290182114,0.04842090606689453
91,S,0,6.3678702370627445,9.217016052127502,2.1600000000000015,0.039807964116334915,0.002028591465204954,0.04239249229431152,0.037437304854393005,0.039594098925590515
92,S,0,4.772712362081552,11.979910552165723,2.160000000000002,0.03882143273949623,0.0026600679848343134,0.036209430545568466,0.03778286278247833,0.04247200861573219
93,S,0,3.1775544871003607,14.742805052203943,2.160000000000002,0.04205043613910675,0.0008028760785236955,0.041743092238903046,0.041257500648498535,0.04315071925520897
94,S,0,1.5823966121191688,17.505699552242163,2.160000000000002,0.040410954505205154,0.0023681221064180136,0.03814895451068878,0.039403144270181656,0.043680768460035324
95,S,0,-0.01276126286202306,20.26859405228038,2.1600000000000024,0.04295775666832924,0.0021466410253196955,0.04016301408410072,0.043328408151865005,0.045381851494312286
96,S,0,14.343659612006318,0.9283325520128419,2.160000000000001,0.04180837795138359,0.002213005442172289,0.038680508732795715,0.043464019894599915,0.04328060895204544
97,S,0,12.748501737025126,3.691227052051062,2.1600000000000015,0.04149104282259941,0.0018593755085021257,0.0401744581758976,0.04412059485912323,0.040178071707487106
98,S,0,11.153343862043934,6.454121552089282,2.1600000000000015,0.04081505164504051,0.0015097211580723524,0.03954513370990753,0.03996362164616585,0.042936407029628754
99,S,0,9.558185987062743,9.217016052127502,2.160000000000002,0.03969657048583031,0.0027694215532392263,0.04044900834560394,0.03599169850349426,0.04264900088310242
100,S,0,7.96302811208155,11.979910552165723,2.160000000000002,0.044515375047922134,0.0004441242490429431,0.0450332835316658,0.043948691338300705,0.044564153999090195
101,S,0,6.367870237100359,14.742805052203943,2.160000000000002,0.04023046791553497,0.0008352663135156035,0.04097782075405121,0.03906457871198654,0.04064900800585747
102,S,0,4.772712362119167,17.505699552242163,2.1600000000000024,0.04172772541642189,0.0010684834560379386,0.043000102043151855,0.04179742932319641,0.0403856486082077
103,S,0,3.177554487137975,20.26859405228038,2.1600000000000024,0.03898273780941963,0.00093516317429021,0.040241073817014694,0.03870604932308197,0.03800109401345253
104,S,0,17.533975362006316,0.9283325520128419,2.1600000000000015,0.04111533612012863,0.000996046932414174,0.04251289367675781,0.04056916385889053,0.04026395082473755
105,S,0,15.938817487025126,3.691227052051062,2.1600000000000015,0.041685495525598526,0.002349632093682885,0.045008350163698196,0.04003589600324631,0.04001224413514137
106,S,0,14.343659612043934,6.454121552089282,2.160000000000002,0.04226649925112724,0.0015212190337479115,0.040142226964235306,0.0436231829226017,0.04303409159183502
107,S,0,12.748501737062742,9.217016052127502,2.160000000000002,0.041212115436792374,0.0010087265400215983,0.04236840829253197,0.039910413324832916,0.041357532143592834
108,S,0,11.153343862081549,11.979910552165723,2.160000000000002,0.038349878042936325,0.0008624715264886618,0.038321103900671005,0.03730824962258339,0.03942027688026428
109,S,0,9.558185987100359,14.742805052203943,2.1600000000000024,0.040778983384370804,0.0011338479816913605,0.041324302554130554,0.0418122261762619,0.03920041769742966
110,Se,1,7.963028112119167,17.505699552242163,2.1600000000000024,0.054725974798202515,0.0005849339650012553,0.054989177733659744,0.05527354031801224,0.05391521006822586
111,S,0,6.367870237137975,20.26859405228038,2.160000000000003,0.04069308564066887,0.0017237282590940595,0.041912999004125595,0.038255367428064346,0.041910894215106964
112,S,0,20.724291112006316,0.9283325520128419,2.1600000000000015,0.03886991739273071,0.0019106167601421475,0.03619467094540596,0.04053613916039467,0.03987894207239151
113,S,0,19.129133237025126,3.691227052051062,2.160000000000002,0.039282288402318954,0.001327834790572524,0.038149427622556686,0.03855172172188759,0.04114570841193199
114,S,0,17.533975362043932,6.454121552089282,2.160000000000002,0.04170135781168938,0.0009583933278918266,0.042555198073387146,0.040362849831581116,0.04218602925539017
115,S,0,15.938817487062742,9.217016052127502,2.160000000000002,0.04209870100021362,0.00062875373987481,0.04273092746734619,0.04232407733798027,0.04124109447002411
116,S,0,14.343659612081549,11.979910552165723,2.1600000000000024,0.04143107309937477,0.0021271100267767906,0.0400664359331131,0.03979170694947243,0.04443507641553879
117,S,0,12.748501737100359,14.742805052203943,2.1600000000000024,0.03928341716527939,0.0009742473484948277,0.04048977047204971,0.03925666585564613,0.03810381144285202
118,S,0,11.153343862119167,17.505699552242163,2.160000000000003,0.04244784638285637,0.0017858422361314297,0.03995376452803612,0.044039152562618256,0.043350618332624435
119,S,0,9.558185987137975,20.26859405228038,2.160000000000003,0.04081057012081146,0.0019263529684394598,0.040767304599285126,0.04319119453430176,0.038473207503557205
120,S,0,23.914606862006316,0.9283325520128419,2.160000000000002,0.04303775355219841,0.002171238185837865,0.04016164690256119,0.04540716111660004,0.043544452637434006
121,S,0,22.319448987025126,3.691227052051062,2.160000000000002,0.04148941859602928,0.0007174452184699476,0.04229336604475975,0.041623491793870926,0.04055140167474747
122,S,0,20.724291112043936,6.454121552089282,2.160000000000002,0.040838394314050674,0.0010775979608297348,0.039874739944934845,0.0423426479101181,0.040297798812389374
123,S,0,19.129133237062742,9.217016052127502,2.1600000000000024,0.03998754918575287,0.0014184573665261269,0.039798520505428314,0.038352545350790024,0.04181158170104027
124,S,0,17.53397536208155,11.979910552165723,2.1600000000000024,0.04006655514240265,0.001293638371862471,0.03906862065196037,0.0392376147210598,0.04189343377947807
125,S,0,15.938817487100359,14.742805052203943,2.160000000000003,0.042859967797994614,0.001373980427160859,0.04105371609330177,0.04438343644142151,0.04314274713397026
126,S,0,14.343659612119167,17.505699552242163,2.160000000000003,0.0398494191467762,0.000986834871582687,0.04105883091688156,0.038641590625047684,0.03984783962368965
127,S,0,12.748501737137975,20.26859405228038,2.1600000000000033,0.04243268445134163,0.001055746921338141,0.0439256876707077,0.04167589172720909,0.041696470230817795
128,S,0,1.5823966120063198,0.9283325520128419,5.28,0.04240693524479866,0.002081708749756217,0.03950578346848488,0.04342421144247055,0.04429081454873085
129,S,0,-0.012761262974872345,3.691227052051062,5.28,0.043398186564445496,0.0006015590624883771,0.042959585785865784,0.044248782098293304,0.0429861955344677
130,S,0,-1.6079191379560638,6.454121552089282,5.280000000000001,0.04250544309616089,0.002872047247365117,0.046082209795713425,0.04238380119204521,0.03905031457543373
131,S,0,-3.2030770129372557,9.217016052127502,5.280000000000001,0.04178266599774361,0.0004782041651196778,0.04161080718040466,0.0413021482527256,0.04243505001068115
132,S,0,-4.798234887918449,11.979910552165723,5.280000000000001,0.03710716962814331,0.0016530448338016868,0.03795969858765602,0.03479577228426933,0.038566041737794876
133,S,0,-6.393392762899639,14.742805052203943,5.280000000000001,0.03957946226000786,0.0013700986746698618,0.041396383196115494,0.03925395756959915,0.038088034838438034
134,S,0,-7.988550637880831,17.505699552242163,5.280000000000002,0.04094904288649559,0.0010333603713661432,0.041939832270145416,0.041383977979421616,0.039523325860500336
135,S,0,-9.583708512862023,20.26859405228038,5.280000000000002,0.04424068331718445,0.0017105431761592627,0.046612612903118134,0.04264313727617264,0.04346629977226257
136,S,0,4.772712362006319,0.9283325520128419,5.28,0.04093621298670769,0.0018640595953911543,0.03848891705274582,0.041311249136924744,0.0430084690451622
137,S,0,3.177554487025127,3.691227052051062,5.280000000000001,0.04298020526766777,0.0008776215836405754,0.04390047490596771,0.04324129596352577,0.041798852384090424
138,S,0,1.5823966120439357,6.454121552089282,5.280000000000001,0.04171453043818474,0.0005577136762440205,0.04131459444761276,0.04132576659321785,0.0425032302737236
139,S,0,-0.012761262937256213,9.217016052127502,5.280000000000001,0.04268723353743553,0.003096634056419134,0.03830830380320549,0.0448271743953228,0.04492621868848801
140,S,0,-1.607919137918449,11.979910552165723,5.280000000000001,0.04129110649228096,0.0005195455742068589,0.04093138873577118,0.04091612622141838,0.04202580079436302
141,S,0,-3.20307701289964,14.742805052203943,5.280000000000002,0.042023349553346634,0.0015759444795548916,0.04320428892970085,0.04306977614760399,0.03979597985744476
142,S,0,-4.798234887880832,17.505699552242163,5.280000000000002,0.04169110953807831,0.0012199870543554425,0.04172094538807869,0.04317014291882515,0.040182244032621384
143,S,0,-6.393392762862024,20.26859405228038,5.280000000000002,0.041067108511924744,0.0013029611436650157,0.03995969146490097,0.040345363318920135,0.042896270751953125
144,S,0,7.96302811200632,0.9283325520128419,5.280000000000001,0.040607064962387085,0.003222647588700056,0.042716220021247864,0.03605366125702858,0.04305131360888481
145,S,0,6.367870237025128,3.691227052051062,5.280000000000001,0.040208395570516586,0.001640914473682642,0.042528897523880005,0.03902934864163399,0.03906694054603577
146,S,0,4.7727123620439365,6.454121552089282,5.280000000000001,0.042603712528944016,0.003444915171712637,0.039189815521240234,0.047320667654275894,0.04130065441131592
147,S,0,3.1775544870627446,9.217016052127502,5.280000000000001,0.0411948524415493,0.0006896674167364836,0.04056042432785034,0.04087052121758461,0.04215361922979355
148,S,0,1.5823966120815518,11.979910552165723,5.280000000000002,0.039610713720321655,0.0002707281964831054,0.039691876620054245,0.0392460934817791,0.039894167333841324
149,S,0,-0.012761262899639192,14.742805052203943,5.280000000000002,0.03928554058074951,0.0030001134146004915,0.040662918239831924,0.03512148931622505,0.04207221418619156
150,S,0,-1.607919137880831,17.505699552242163,5.280000000000002,0.042072031646966934,0.002881264081224799,0.03981303796172142,0.04026465117931366,0.046138402074575424
151,Se,1,-3.203077012862023,20.26859405228038,5.280000000000002,0.11485046148300171,0.001594211789779365,0.11428215354681015,0.11702407896518707,0.1132451742887497
152,S,0,11.15334386200632,0.9283325520128419,5.280000000000001,0.040347177535295486,0.0007741666631773114,0.041405968368053436,0.03957648202776909,0.04005909338593483
153,S,0,9.558185987025128,3.691227052051062,5.280000000000001,0.04023054614663124,0.00158459204249084,0.03986936807632446,0.04232648387551308,0.03849578648805618
154,S,0,7.963028112043936,6.454121552089282,5.280000000000001,0.04472696781158447,0.0007350214291363955,0.04403877258300781,0.04439639300107956,0.04574573040008545
155,S,0,6.3678702370627445,9.217016052127502,5.280000000000002,0.039545003324747086,0.0010974074248224497,0.040140796452760696,0.04048816114664078,0.038006044924259186
156,S,0,4.772712362081552,11.979910552165723,5.280000000000002,0.04039861634373665,0.0016117263585329056,0.03908983990550041,0.04266911745071411,0.03943689167499542
157,S,0,3.1775544871003607,14.742805052203943,5.280000000000002,0.041959017515182495,0.0014917139196768403,0.0426415279507637,0.043346475809812546,0.03988904878497124
158,S,0,1.5823966121191688,17.505699552242163,5.280000000000002,0.03932320699095726,0.001425724825821817,0.04114808142185211,0.037668198347091675,0.039153341203927994
159,S,0,-0.01276126286202306,20.26859405228038,5.280000000000002,0.04223935306072235,0.0010288894409313798,0.042404744774103165,0.04340861737728119,0.0409046970307827
160,S,0,14.343659612006318,0.9283325520128419,5.280000000000001,0.05750199779868126,0.0023768495302647352,0.05419374257326126,0.05967159569263458,0.058640651404857635
161,S,0,12.748501737025126,3.691227052051062,5.280000000000001,0.04049557074904442,0.0014429687289521098,0.03861892223358154,0.040739718824625015,0.0421280711889267
162,S,0,11.153343862043934,6.454121552089282,5.280000000000002,0.04161722585558891,0.0006888310890644789,0.04197057709097862,0.04222673922777176,0.040654364973306656
163,S,0,9.558185987062743,9.217016052127502,5.280000000000002,0.04000850021839142,0.0026621350552886724,0.03962543606758118,0.043443549424409866,0.03695651888847351
164,S,0,7.96302811208155,11.979910552165723,5.280000000000002,0.038917507976293564,0.0004925674293190241,0.03841531649231911,0.03958667814731598,0.03875052556395531
165,S,0,6.367870237100359,14.742805052203943,5.280000000000002,0.041481707245111465,0.0014551483327522874,0.03958605229854584,0.043123114854097366,0.04173595830798149
166,S,0,4.772712362119167,17.505699552242163,5.280000000000002,0.04289936646819115,0.0009981818730011582,0.04182952642440796,0.04263670742511749,0.04423186555504799
167,S,0,3.177554487137975,20.26859405228038,5.280000000000003,0.041350603103637695,0.0016770800575613976,0.042013805359601974,0.04299105703830719,0.039046939462423325
168,S,0,17.533975362006316,0.9283325520128419,5.280000000000001,0.037169188261032104,0.001401656772941351,0.036608900874853134,0.03909600153565407,0.03580266237258911
169,S,0,15.938817487025126,3.691227052051062,5.280000000000002,0.04221947863698006,0.0011111602652817965,0.043326154351234436,0.04069998115301132,0.04263230785727501
170,S,0,14.343659612043934,6.454121552089282,5.280000000000002,0.03965532407164574,0.0024061647709459066,0.04247269406914711,0.03989928215742111,0.03659398481249809
171,S,0,12.748501737062742,9.217016052127502,5.280000000000002,0.03978978842496872,0.0015020276186987758,0.041813742369413376,0.03933624178171158,0.0382193848490715
172,S,0,11.153343862081549,11.979910552165723,5.280000000000002,0.039609212428331375,0.0021610595285892487,0.04258931055665016,0.03753219172358513,0.03870614245533943
173,S,0,9.558185987100359,14.742805052203943,5.280000000000002,0.03922176733613014,0.0017936433432623744,0.04066764563322067,0.04030377417802811,0.036693889647722244
174,S,0,7.963028112119167,17.505699552242163,5.280000000000003,0.04446370527148247,0.00089074153220281,0.04553373530507088,0.04450436308979988,0.04335300996899605
175,S,0,6.367870237137975,20.26859405228038,5.280000000000003,0.03935607150197029,0.0012312501203268766,0.038401104509830475,0.04109450802206993,0.03857261314988136
176,S,0,20.724291112006316,0.9283325520128419,5.280000000000002,0.03952903673052788,0.0014596182154491544,0.039460860192775726,0.037776440382003784,0.04134980961680412
177,S,0,19.129133237025126,3.691227052051062,5.280000000000002,0.042278680950403214,0.000608769420068711,0.04169824346899986,0.04201824590563774,0.04311955347657204
178,S,0,17.533975362043932,6.454121552089282,5.280000000000002,0.041501447558403015,0.0015220505883917212,0.04216168820858002,0.04294559732079506,0.039397064596414566
179,S,0,15.938817487062742,9.217016052127502,5.280000000000002,0.03861576318740845,0.0008961856365203857,0.03735688328742981,0.03911815211176872,0.03937225043773651
180,S,0,14.343659612081549,11.979910552165723,5.280000000000002,0.04064762219786644,0.0006071724346838892,0.04103025421500206,0.04112202301621437,0.03979058563709259
181,S,0,12.748501737100359,14.742805052203943,5.280000000000003,0.04163438081741333,0.000996564282104373,0.04027858376502991,0.041978999972343445,0.04264555498957634
182,S,0,11.153343862119167,17.505699552242163,5.280000000000003,0.04165072739124298,0.0009398279362358153,0.04117690399289131,0.04081221669912338,0.04296306148171425
183,S,0,9.558185987137975,20.26859405228038,5.280000000000003,0.040159162133932114,0.001087701297365129,0.04160100594162941,0.03990240767598152,0.03897406905889511
184,S,0,23.914606862006316,0.9283325520128419,5.280000000000002,0.04057515785098076,0.001695530954748392,0.04126374423503876,0.042219989001750946,0.038241736590862274
185,S,0,22.319448987025126,3.691227052051062,5.280000000000002,0.04186755418777466,9.28491645026952e-05,0.04174083471298218,0.0419011190533638,0.041960712522268295
186,S,0,20.724291112043936,6.454121552089282,5.280000000000002,0.039563100785017014,0.0022596274502575397,0.03762650862336159,0.04273277893662453,0.038330014795064926
187,S,0,19.129133237062742,9.217016052127502,5.280000000000002,0.041235629469156265,0.0010234486544504762,0.04246865212917328,0.04127555340528488,0.03996267914772034
188,S,0,17.53397536208155,11.979910552165723,5.280000000000003,0.04121539369225502,0.0006400876445695758,0.04156547039747238,0.04031740501523018,0.0417632982134819
189,S,0,15.938817487100359,14.742805052203943,5.280000000000003,0.041556213051080704,0.0011505063157528639,0.04026280716061592,0.043057799339294434,0.04134804382920265
190,S,0,14.343659612119167,17.505699552242163,5.280000000000003,0.042200762778520584,0.0020020746160298586,0.04118473827838898,0.04499749466776848,0.040420062839984894
191,S,0,12.748501737137975,20.26859405228038,5.280000000000003,0.04102446511387825,0.001604122226126492,0.04154976084828377,0.042673058807849884,0.0388505682349205
