site_index,species,node_type,x,y,z,mask_mean,mask_std,mask_seed_123
0,Mo,0,0.0127612630124887,1.834561948025378,3.7199999999999998,0.3348584771156311,0.0,0.3348584771156311
1,Mo,0,-1.582396611968703,4.597456448063598,3.72,0.29827219247817993,0.0,0.29827219247817993
2,Mo,0,-3.1775544869498953,7.360350948101818,3.72,0.26122671365737915,0.0,0.26122671365737915
3,Mo,0,-4.772712361931087,10.123245448140038,3.7200000000000006,0.3043430745601654,0.0,0.3043430745601654
4,Mo,0,-6.367870236912278,12.886139948178256,3.7200000000000006,0.2877104878425598,0.0,0.2877104878425598
5,Mo,0,-7.963028111893471,15.649034448216476,3.720000000000001,0.30697348713874817,0.0,0.30697348713874817
6,Mo,0,-9.558185986874662,18.411928948254698,3.720000000000001,0.3383980691432953,0.0,0.3383980691432953
7,Mo,0,-11.153343861855856,21.174823448292916,3.7200000000000015,0.30509477853775024,0.0,0.30509477853775024
8,Mo,0,3.2030770130124884,1.834561948025378,3.72,0.3174349367618561,0.0,0.3174349367618561
9,Mo,0,1.607919138031297,4.597456448063598,3.72,0.29488423466682434,0.0,0.29488423466682434
10,Mo,0,0.01276126305010461,7.360350948101818,3.7200000000000006,0.2997112274169922,0.0,0.2997112274169922
11,Mo,0,-1.5823966119310873,10.123245448140038,3.7200000000000006,0.3146721124649048,0.0,0.3146721124649048
12,Mo,0,-3.1775544869122783,12.886139948178256,3.720000000000001,0.2692084312438965,0.0,0.2692084312438965
13,Mo,0,-4.772712361893471,15.649034448216476,3.720000000000001,0.3173663914203644,0.0,0.3173663914203644
14,Mo,0,-6.367870236874663,18.411928948254698,3.7200000000000015,0.31485575437545776,0.0,0.31485575437545776
15,Mo,0,-7.963028111855855,21.174823448292916,3.7200000000000015,0.27494242787361145,0.0,0.27494242787361145
16,X,1,6.393392763012487,1.834561948025378,3.72,0.0,0.0,0.0
17,Mo,0,4.7982348880312955,4.597456448063598,3.7200000000000006,0.26325222849845886,0.0,0.26325222849845886
18,Mo,0,3.2030770130501036,7.360350948101818,3.7200000000000006,0.3340173661708832,0.0,0.3340173661708832
19,Mo,0,1.6079191380689117,10.123245448140038,3.720000000000001,0.28219735622406006,0.0,0.28219735622406006
20,Mo,0,0.012761263087720742,12.886139948178256,3.720000000000001,0.2559815049171448,0.0,0.2559815049171448
21,Mo,0,-1.582396611893472,15.649034448216476,3.7200000000000015,0.3037358224391937,0.0,0.3037358224391937
22,Mo,0,-3.177554486874664,18.411928948254698,3.7200000000000015,0.31227442622184753,0.0,0.31227442622184753
23,Mo,0,-4.772712361855856,21.174823448292916,3.7200000000000015,0.2974265515804291,0.0,0.2974265515804291
24,Mo,0,9.583708513012487,1.834561948025378,3.7200000000000006,0.2932463586330414,0.0,0.2932463586330414
25,Mo,0,7.988550638031295,4.597456448063598,3.7200000000000006,0.2916049659252167,0.0,0.2916049659252167
26,Mo,0,6.3933927630501035,7.360350948101818,3.720000000000001,0.2983052134513855,0.0,0.2983052134513855
27,Mo,0,4.798234888068912,10.123245448140038,3.720000000000001,0.3061569631099701,0.0,0.3061569631099701
28,Mo,0,3.2030770130877206,12.886139948178256,3.7200000000000015,0.3082875907421112,0.0,0.3082875907421112
29,Mo,0,1.6079191381065279,15.649034448216476,3.7200000000000015,0.30244705080986023,0.0,0.30244705080986023
30,Mo,0,0.012761263125335987,18.411928948254698,3.7200000000000015,0.3110598027706146,0.0,0.3110598027706146
31,Mo,0,-1.582396611855856,21.174823448292916,3.720000000000002,0.25913187861442566,0.0,0.25913187861442566
32,Mo,0,12.774024263012489,1.834561948025378,3.7200000000000006,0.3002004623413086,0.0,0.3002004623413086
33,Mo,0,11.178866388031297,4.597456448063598,3.720000000000001,0.27145689725875854,0.0,0.27145689725875854
34,Mo,0,9.583708513050105,7.360350948101818,3.720000000000001,0.2756722867488861,0.0,0.2756722867488861
35,Mo,0,7.988550638068913,10.123245448140038,3.7200000000000015,0.3311043679714203,0.0,0.3311043679714203
36,Mo,0,6.393392763087722,12.886139948178256,3.7200000000000015,0.284812331199646,0.0,0.284812331199646
37,Mo,0,4.7982348881065295,15.649034448216476,3.7200000000000015,0.30910196900367737,0.0,0.30910196900367737
38,Mo,0,3.2030770131253377,18.411928948254698,3.720000000000002,0.3094971179962158,0.0,0.3094971179962158
39,Mo,0,1.6079191381441458,21.174823448292916,3.720000000000002,0.28842994570732117,0.0,0.28842994570732117
40,Mo,0,15.964340013012489,1.834561948025378,3.720000000000001,0.2507389783859253,0.0,0.2507389783859253
41,Mo,0,14.369182138031297,4.597456448063598,3.720000000000001,0.28343549370765686,0.0,0.28343549370765686
42,Mo,0,12.774024263050105,7.360350948101818,3.7200000000000015,0.2821138799190521,0.0,0.2821138799190521
43,Mo,0,11.178866388068913,10.123245448140038,3.7200000000000015,0.26894500851631165,0.0,0.26894500851631165
44,Mo,0,9.583708513087721,12.886139948178256,3.7200000000000015,0.2675124406814575,0.0,0.2675124406814575
45,Mo,0,7.988550638106529,15.649034448216476,3.720000000000002,0.29130420088768005,0.0,0.29130420088768005
46,Mo,0,6.3933927631253376,18.411928948254698,3.720000000000002,0.33085426688194275,0.0,0.33085426688194275
47,Mo,0,4.798234888144146,21.174823448292916,3.7200000000000024,0.27481529116630554,0.0,0.27481529116630554
48,Mo,0,19.15465576301249,1.834561948025378,3.720000000000001,0.29328808188438416,0.0,0.29328808188438416
49,Mo,0,17.5594978880313,4.597456448063598,3.7200000000000015,0.3290311098098755,0.0,0.3290311098098755
50,Mo,0,15.964340013050105,7.360350948101818,3.7200000000000015,0.314052551984787,0.0,0.314052551984787
51,Mo,0,14.369182138068913,10.123245448140038,3.7200000000000015,0.27007633447647095,0.0,0.27007633447647095
52,Mo,0,12.774024263087721,12.886139948178256,3.720000000000002,0.27082687616348267,0.0,0.27082687616348267
53,Mo,0,11.17886638810653,15.649034448216476,3.720000000000002,0.31477028131484985,0.0,0.31477028131484985
54,Mo,0,9.583708513125337,18.411928948254698,3.7200000000000024,0.3169596195220947,0.0,0.3169596195220947
55,Mo,0,7.988550638144146,21.174823448292916,3.7200000000000024,0.3061893880367279,0.0,0.3061893880367279
56,Mo,0,22.34497151301249,1.834561948025378,3.7200000000000015,0.3262810707092285,0.0,0.3262810707092285
57,Mo,0,20.7498136380313,4.597456448063598,3.7200000000000015,0.3178272843360901,0.0,0.3178272843360901
58,Mo,0,19.154655763050105,7.360350948101818,3.7200000000000015,0.2920469343662262,0.0,0.2920469343662262
59,Mo,0,17.55949788806891,10.123245448140038,3.720000000000002,0.28287559747695923,0.0,0.28287559747695923
60,Mo,0,15.964340013087721,12.886139948178256,3.720000000000002,0.3186891973018646,0.0,0.3186891973018646
61,Mo,0,14.36918213810653,15.649034448216476,3.7200000000000024,0.2973302900791168,0.0,0.2973302900791168
62,Mo,0,12.774024263125337,18.411928948254698,3.7200000000000024,0.31852179765701294,0.0,0.31852179765701294
63,Mo,0,11.178866388144145,21.174823448292916,3.720000000000003,0.33445143699645996,0.0,0.33445143699645996
64,S,0,1.5823966120063198,0.9283325520128419,2.16,0.3779044449329376,0.0,0.3779044449329376
65,S,0,-0.012761262974872345,3.691227052051062,2.1600000000000006,0.3923458158969879,0.0,0.3923458158969879
66,S,0,-1.6079191379560638,6.454121552089282,2.1600000000000006,0.34092071652412415,0.0,0.34092071652412415
67,S,0,-3.2030770129372557,9.217016052127502,2.160000000000001,0.40276312828063965,0.0,0.40276312828063965
68,S,0,-4.798234887918449,11.979910552165723,2.160000000000001,0.3741984963417053,0.0,0.3741984963417053
69,S,0,-6.393392762899639,14.742805052203943,2.1600000000000015,0.34192031621932983,0.0,0.34192031621932983
70,S,0,-7.988550637880831,17.505699552242163,2.1600000000000015,0.4307017922401428,0.0,0.4307017922401428
71,S,0,-9.583708512862023,20.26859405228038,2.160000000000002,0.3388708531856537,0.0,0.3388708531856537
72,S,0,4.772712362006319,0.9283325520128419,2.1600000000000006,0.31673625111579895,0.0,0.31673625111579895
73,S,0,3.177554487025127,3.691227052051062,2.1600000000000006,0.41917917132377625,0.0,0.41917917132377625
74,S,0,1.5823966120439357,6.454121552089282,2.160000000000001,0.397346556186676,0.0,0.397346556186676
75,S,0,-0.012761262937256213,9.217016052127502,2.160000000000001,0.2946762442588806,0.0,0.2946762442588806
76,S,0,-1.607919137918449,11.979910552165723,2.1600000000000015,0.24845775961875916,0.0,0.24845775961875916
77,S,0,-3.20307701289964,14.742805052203943,2.1600000000000015,0.4455503523349762,0.0,0.4455503523349762
78,S,0,-4.798234887880832,17.505699552242163,2.160000000000002,0.3394947946071625,0.0,0.3394947946071625
79,S,0,-6.393392762862024,20.26859405228038,2.160000000000002,0.41447657346725464,0.0,0.41447657346725464
80,S,0,7.96302811200632,0.9283325520128419,2.1600000000000006,0.3186280131340027,0.0,0.3186280131340027
81,S,0,6.367870237025128,3.691227052051062,2.160000000000001,0.3097051978111267,0.0,0.3097051978111267
82,S,0,4.7727123620439365,6.454121552089282,2.160000000000001,0.40914586186408997,0.0,0.40914586186408997
83,S,0,3.1775544870627446,9.217016052127502,2.1600000000000015,0.2820669412612915,0.0,0.2820669412612915
84,X,1,1.5823966120815518,11.979910552165723,2.1600000000000015,0.0,0.0,0.0
85,S,0,-0.012761262899639192,14.742805052203943,2.160000000000002,0.31391429901123047,0.0,0.31391429901123047
86,S,0,-1.607919137880831,17.505699552242163,2.160000000000002,0.4345954358577728,0.0,0.4345954358577728
87,S,0,-3.203077012862023,20.26859405228038,2.160000000000002,0.33130109310150146,0.0,0.33130109310150146
88,S,0,11.15334386200632,0.9283325520128419,2.160000000000001,0.4671189486980438,0.0,0.4671189486980438
89,S,0,9.558185987025128,3.691227052051062,2.160000000000001,0.4584842622280121,0.0,0.4584842622280121
90,S,0,7.963028112043936,6.454121552089282,2.1600000000000015,0.44669610261917114,0.0,0.44669610261917114
91,S,0,6.3678702370627445,9.217016052127502,2.1600000000000015,0.3466978967189789,0.0,0.3466978967189789
92,S,0,4.772712362081552,11.979910552165723,2.160000000000002,0.26833388209342957,0.0,0.26833388209342957
93,S,0,3.1775544871003607,14.742805052203943,2.160000000000002,0.3129138648509979,0.0,0.3129138648509979
94,S,0,1.5823966121191688,17.505699552242163,2.160000000000002,0.41546714305877686,0.0,0.41546714305877686
95,S,0,-0.01276126286202306,20.26859405228038,2.1600000000000024,0.38506820797920227,0.0,0.38506820797920227
96,S,0,14.343659612006318,0.9283325520128419,2.160000000000001,0.4155713617801666,0.0,0.4155713617801666
97,S,0,12.748501737025126,3.691227052051062,2.1600000000000015,0.38786444067955017,0.0,0.38786444067955017
98,S,0,11.153343862043934,6.454121552089282,2.1600000000000015,0.43043267726898193,0.0,0.43043267726898193
99,S,0,9.558185987062743,9.217016052127502,2.160000000000002,0.4266303777694702,0.0,0.4266303777694702
100,S,0,7.96302811208155,11.979910552165723,2.160000000000002,0.4074195921421051,0.0,0.4074195921421051
101,S,0,6.367870237100359,14.742805052203943,2.160000000000002,0.3102889657020569,0.0,0.3102889657020569
102,S,0,4.772712362119167,17.505699552242163,2.1600000000000024,0.32396161556243896,0.0,0.32396161556243896
103,S,0,3.177554487137975,20.26859405228038,2.1600000000000024,0.4389607310295105,0.0,0.4389607310295105
104,S,0,17.533975362006316,0.9283325520128419,2.1600000000000015,0.34859681129455566,0.0,0.34859681129455566
105,S,0,15.938817487025126,3.691227052051062,2.1600000000000015,0.4178025722503662,0.0,0.4178025722503662
106,S,0,14.343659612043934,6.454121552089282,2.160000000000002,0.3638814687728882,0.0,0.3638814687728882
107,S,0,12.748501737062742,9.217016052127502,2.160000000000002,0.4358965754508972,0.0,0.4358965754508972
108,S,0,11.153343862081549,11.979910552165723,2.160000000000002,0.4428615868091583,0.0,0.4428615868091583
109,S,0,9.558185987100359,14.742805052203943,2.1600000000000024,0.3120235502719879,0.0,0.3120235502719879
110,Se,1,7.963028112119167,17.505699552242163,2.1600000000000024,0.5052396655082703,0.0,0.5052396655082703
111,S,0,6.367870237137975,20.26859405228038,2.160000000000003,0.32602497935295105,0.0,0.32602497935295105
112,S,0,20.724291112006316,0.9283325520128419,2.1600000000000015,0.45554885268211365,0.0,0.45554885268211365
113,S,0,19.129133237025126,3.691227052051062,2.160000000000002,0.4366464912891388,0.0,0.4366464912891388
114,S,0,17.533975362043932,6.454121552089282,2.160000000000002,0.44383344054222107,0.0,0.44383344054222107
115,S,0,15.938817487062742,9.217016052127502,2.160000000000002,0.44078826904296875,0.0,0.44078826904296875
116,S,0,14.343659612081549,11.979910552165723,2.1600000000000024,0.33332744240760803,0.0,0.33332744240760803
117,S,0,12.748501737100359,14.742805052203943,2.1600000000000024,0.4405950903892517,0.0,0.4405950903892517
118,S,0,11.153343862119167,17.505699552242163,2.160000000000003,0.3038484454154968,0.0,0.3038484454154968
119,S,0,9.558185987137975,20.26859405228038,2.160000000000003,0.3105200231075287,0.0,0.3105200231075287
120,S,0,23.914606862006316,0.9283325520128419,2.160000000000002,0.38894373178482056,0.0,0.38894373178482056
121,S,0,22.319448987025126,3.691227052051062,2.160000000000002,0.36901479959487915,0.0,0.36901479959487915
122,S,0,20.724291112043936,6.454121552089282,2.160000000000002,0.3286690413951874,0.0,0.3286690413951874
123,S,0,19.129133237062742,9.217016052127502,2.1600000000000024,0.3515053689479828,0.0,0.3515053689479828
124,S,0,17.53397536208155,11.979910552165723,2.1600000000000024,0.32632899284362793,0.0,0.32632899284362793
125,S,0,15.938817487100359,14.742805052203943,2.160000000000003,0.44566434621810913,0.0,0.44566434621810913
126,S,0,14.343659612119167,17.505699552242163,2.160000000000003,0.4257194697856903,0.0,0.4257194697856903
127,S,0,12.748501737137975,20.26859405228038,2.1600000000000033,0.3633041977882385,0.0,0.3633041977882385
128,S,0,1.5823966120063198,0.9283325520128419,5.28,0.35049062967300415,0.0,0.35049062967300415
129,S,0,-0.012761262974872345,3.691227052051062,5.28,0.34593164920806885,0.0,0.34593164920806885
130,S,0,-1.6079191379560638,6.454121552089282,5.280000000000001,0.3884565234184265,0.0,0.3884565234184265
131,S,0,-3.2030770129372557,9.217016052127502,5.280000000000001,0.3386740982532501,0.0,0.3386740982532501
132,S,0,-4.798234887918449,11.979910552165723,5.280000000000001,0.4326942563056946,0.0,0.4326942563056946
133,S,0,-6.393392762899639,14.742805052203943,5.280000000000001,0.41677960753440857,0.0,0.41677960753440857
134,S,0,-7.988550637880831,17.505699552242163,5.280000000000002,0.44205400347709656,0.0,0.44205400347709656
135,S,0,-9.583708512862023,20.26859405228038,5.280000000000002,0.44062572717666626,0.0,0.44062572717666626
136,S,0,4.772712362006319,0.9283325520128419,5.28,0.2824324071407318,0.0,0.2824324071407318
137,S,0,3.177554487025127,3.691227052051062,5.280000000000001,0.4669976234436035,0.0,0.4669976234436035
138,S,0,1.5823966120439357,6.454121552089282,5.280000000000001,0.3287074863910675,0.0,0.3287074863910675
139,S,0,-0.012761262937256213,9.217016052127502,5.280000000000001,0.3034488260746002,0.0,0.3034488260746002
140,S,0,-1.607919137918449,11.979910552165723,5.280000000000001,0.46757569909095764,0.0,0.46757569909095764
141,S,0,-3.20307701289964,14.742805052203943,5.280000000000002,0.44092264771461487,0.0,0.44092264771461487
142,S,0,-4.798234887880832,17.505699552242163,5.280000000000002,0.32076317071914673,0.0,0.32076317071914673
143,S,0,-6.393392762862024,20.26859405228038,5.280000000000002,0.292004257440567,0.0,0.292004257440567
144,S,0,7.96302811200632,0.9283325520128419,5.280000000000001,0.3373628258705139,0.0,0.3373628258705139
145,S,0,6.367870237025128,3.691227052051062,5.280000000000001,0.3319244980812073,0.0,0.3319244980812073
146,S,0,4.7727123620439365,6.454121552089282,5.280000000000001,0.4446883499622345,0.0,0.4446883499622345
147,S,0,3.1775544870627446,9.217016052127502,5.280000000000001,0.4445630609989166,0.0,0.4445630609989166
148,S,0,1.5823966120815518,11.979910552165723,5.280000000000002,0.2840489149093628,0.0,0.2840489149093628
149,S,0,-0.012761262899639192,14.742805052203943,5.280000000000002,0.4196073114871979,0.0,0.4196073114871979
150,S,0,-1.607919137880831,17.505699552242163,5.280000000000002,0.3009404242038727,0.0,0.3009404242038727
151,Se,1,-3.203077012862023,20.26859405228038,5.280000000000002,0.5154318809509277,0.0,0.5154318809509277
152,S,0,11.15334386200632,0.9283325520128419,5.280000000000001,0.32746264338493347,0.0,0.32746264338493347
153,S,0,9.558185987025128,3.691227052051062,5.280000000000001,0.46988001465797424,0.0,0.46988001465797424
154,S,0,7.963028112043936,6.454121552089282,5.280000000000001,0.44946780800819397,0.0,0.44946780800819397
155,S,0,6.3678702370627445,9.217016052127502,5.280000000000002,0.3482842445373535,0.0,0.3482842445373535
156,S,0,4.772712362081552,11.979910552165723,5.280000000000002,0.44800305366516113,0.0,0.44800305366516113
157,S,0,3.1775544871003607,14.742805052203943,5.280000000000002,0.46347835659980774,0.0,0.46347835659980774
158,S,0,1.5823966121191688,17.505699552242163,5.280000000000002,0.42131420969963074,0.0,0.42131420969963074
159,S,0,-0.01276126286202306,20.26859405228038,5.280000000000002,0.33569851517677307,0.0,0.33569851517677307
160,S,0,14.343659612006318,0.9283325520128419,5.280000000000001,0.4488094747066498,0.0,0.4488094747066498
161,S,0,12.748501737025126,3.691227052051062,5.280000000000001,0.43351075053215027,0.0,0.43351075053215027
162,S,0,11.153343862043934,6.454121552089282,5.280000000000002,0.44172897934913635,0.0,0.44172897934913635
163,S,0,9.558185987062743,9.217016052127502,5.280000000000002,0.3383333086967468,0.0,0.3383333086967468
164,S,0,7.96302811208155,11.979910552165723,5.280000000000002,0.4577339291572571,0.0,0.4577339291572571
165,S,0,6.367870237100359,14.742805052203943,5.280000000000002,0.37395620346069336,0.0,0.37395620346069336
166,S,0,4.772712362119167,17.505699552242163,5.280000000000002,0.3978250324726105,0.0,0.3978250324726105
167,S,0,3.177554487137975,20.26859405228038,5.280000000000003,0.3570174276828766,0.0,0.3570174276828766
168,S,0,17.533975362006316,0.9283325520128419,5.280000000000001,0.3064849376678467,0.0,0.3064849376678467
169,S,0,15.938817487025126,3.691227052051062,5.280000000000002,0.347960889339447,0.0,0.347960889339447
170,S,0,14.343659612043934,6.454121552089282,5.280000000000002,0.37410667538642883,0.0,0.37410667538642883
171,S,0,12.748501737062742,9.217016052127502,5.280000000000002,0.4348808526992798,0.0,0.4348808526992798
172,S,0,11.153343862081549,11.979910552165723,5.280000000000002,0.4475257098674774,0.0,0.4475257098674774
173,S,0,9.558185987100359,14.742805052203943,5.280000000000002,0.4245864152908325,0.0,0.4245864152908325
174,S,0,7.963028112119167,17.505699552242163,5.280000000000003,0.31980952620506287,0.0,0.31980952620506287
175,S,0,6.367870237137975,20.26859405228038,5.280000000000003,0.4357857406139374,0.0,0.4357857406139374
176,S,0,20.724291112006316,0.9283325520128419,5.280000000000002,0.3280491232872009,0.0,0.3280491232872009
177,S,0,19.129133237025126,3.691227052051062,5.280000000000002,0.379310667514801,0.0,0.379310667514801
178,S,0,17.533975362043932,6.454121552089282,5.280000000000002,0.4006156325340271,0.0,0.4006156325340271
179,S,0,15.938817487062742,9.217016052127502,5.280000000000002,0.4455501437187195,0.0,0.4455501437187195
180,S,0,14.343659612081549,11.979910552165723,5.280000000000002,0.4224541485309601,0.0,0.4224541485309601
181,S,0,12.748501737100359,14.742805052203943,5.280000000000003,0.36446112394332886,0.0,0.36446112394332886
182,S,0,11.153343862119167,17.505699552242163,5.280000000000003,0.43899786472320557,0.0,0.43899786472320557
183,S,0,9.558185987137975,20.26859405228038,5.280000000000003,0.4409943222999573,0.0,0.4409943222999573
184,S,0,23.914606862006316,0.9283325520128419,5.280000000000002,0.4408515393733978,0.0,0.4408515393733978
185,S,0,22.319448987025126,3.691227052051062,5.280000000000002,0.44591042399406433,0.0,0.44591042399406433
186,S,0,20.724291112043936,6.454121552089282,5.280000000000002,0.4431751072406769,0.0,0.4431751072406769
187,S,0,19.129133237062742,9.217016052127502,5.280000000000002,0.39602920413017273,0.0,0.39602920413017273
188,S,0,17.53397536208155,11.979910552165723,5.280000000000003,0.4479782283306122,0.0,0.4479782283306122
189,S,0,15.938817487100359,14.742805052203943,5.280000000000003,0.3423711359500885,0.0,0.3423711359500885
190,S,0,14.343659612119167,17.505699552242163,5.280000000000003,0.37311044335365295,0.0,0.37311044335365295
191,S,0,12.748501737137975,20.26859405228038,5.280000000000003,0.42988014221191406,0.0,0.42988014221191406
